<?xml version="1.0" encoding="UTF-8" standalone="no"?>
<!-- WARNING: Eclipse auto-generated file.
              Any modifications will be overwritten.
              To include a user specific buildfile here, simply create one in the same
              directory with the processing instruction <?eclipse.ant.import?>
              as the first entry and export the buildfile again. --><project basedir="." default="build" name="JDBC">
    <property environment="env"/>
    <property name="ECLIPSE_HOME" value="../../../Programmes/eclipse-standard-kepler-R-win32-x86_64/eclipse"/>
    <property name="debuglevel" value="source,lines,vars"/>
    <property name="target" value="1.6"/>
    <property name="source" value="1.6"/>
    <path id="EAR Libraries.libraryclasspath"/>
    <path id="JDBC.classpath">
        <pathelement location="classes"/>
        <path refid="EAR Libraries.libraryclasspath"/>
        <pathelement location="class_include/commons-io-2.4.jar"/>
        <pathelement location="class_include/commons-logging-1.1.3.jar"/>
        <pathelement location="class_include/httpclient-4.3.6.jar"/>
        <pathelement location="class_include/httpcore-4.3.3.jar"/>
        <pathelement location="class_include/json-simple-1.1.1.jar"/>
    </path>
    <target name="init">
        <mkdir dir="classes"/>
        <copy includeemptydirs="false" todir="classes">
            <fileset dir="src/jdbc-tests">
                <exclude name="**/*.java"/>
                <exclude name="**/*.txt"/>
                <exclude name="**/.svn"/>
                <exclude name="test/runner/ServletRunner.java"/>
                <exclude name="org/inria/dmsp/test/TEST_EP_UI/"/>
            </fileset>
        </copy>
        <copy includeemptydirs="false" todir="classes">
            <fileset dir="src/jdbc-tcp">
                <exclude name="**/*.java"/>
                <exclude name="**/*.txt"/>
                <exclude name="**/.svn"/>
            </fileset>
        </copy>
        <copy includeemptydirs="false" todir="classes">
            <fileset dir="src/jdbc-j2se">
                <exclude name="**/*.java"/>
                <exclude name="**/*.txt"/>
                <exclude name="**/.svn"/>
            </fileset>
        </copy>
        <copy includeemptydirs="false" todir="classes">
            <fileset dir="src/jdbc-core">
                <exclude name="**/*.java"/>
                <exclude name="**/*.txt"/>
                <exclude name="**/.svn"/>
            </fileset>
        </copy>
    </target>
    <target name="clean">
        <delete dir="classes"/>
    </target>
    <target depends="clean" name="cleanall"/>
    <target depends="build-subprojects,build-project" name="build"/>
    <target name="build-subprojects"/>
    <target depends="init" name="build-project">
        <echo message="${ant.project.name}: ${ant.file}"/>
        <javac debug="true" debuglevel="${debuglevel}" destdir="classes" includeantruntime="false" source="${source}" target="${target}" encoding="Cp1252">
            <src path="src/jdbc-tests"/>
            <src path="src/jdbc-tcp"/>
            <src path="src/jdbc-j2se"/>
            <src path="src/jdbc-core"/>
            <exclude name="**/*.txt"/>
            <exclude name="**/.svn"/>
            <exclude name="test/runner/ServletRunner.java"/>
            <exclude name="org/inria/dmsp/test/TEST_EP_UI/"/>
            <exclude name="**/*.txt"/>
            <exclude name="**/.svn"/>
            <exclude name="**/*.txt"/>
            <exclude name="**/.svn"/>
            <exclude name="**/*.txt"/>
            <exclude name="**/.svn"/>
            <classpath refid="JDBC.classpath"/>
        </javac>
    </target>
    <target description="Build all projects which reference this project. Useful to propagate changes." name="build-refprojects"/>
    <target description="copy Eclipse compiler jars to ant lib directory" name="init-eclipse-compiler">
        <copy todir="${ant.library.dir}">
            <fileset dir="${ECLIPSE_HOME}/plugins" includes="org.eclipse.jdt.core_*.jar"/>
        </copy>
        <unzip dest="${ant.library.dir}">
            <patternset includes="jdtCompilerAdapter.jar"/>
            <fileset dir="${ECLIPSE_HOME}/plugins" includes="org.eclipse.jdt.core_*.jar"/>
        </unzip>
    </target>
    <target description="compile project with Eclipse compiler" name="build-eclipse-compiler">
        <property name="build.compiler" value="org.eclipse.jdt.core.JDTCompilerAdapter"/>
        <antcall target="build"/>
    </target>
    <target name="MainRunner (1)">
        <java classname="test.runner.MainRunner" failonerror="true" fork="yes">
            <arg line="test.jdbc.INRIA_1.Test localhost"/>
            <classpath refid="JDBC.classpath"/>
        </java>
    </target>
</project>
